{"cameraMode":{"drawMode":0,"name":"Shaded","section":"Shading Mode"},"sceneLighting":true,"audioPlay":false,"sceneViewState":{"showFog":true,"showMaterialUpdate":false,"showSkybox":true,"showFlares":true,"showImageEffects":true,"showParticleSystems":true},"in2DMode":false,"pivot":{"x":0.1599999964237213,"y":1.0999999046325684,"z":0.6399999856948853},"rotation":{"x":-0.06027911230921745,"y":0.7707691192626953,"z":-0.07375384122133255,"w":-0.6299538016319275},"size":0.8484909534454346,"orthographic":false}